9596;2022-11-15 09:13:32;81;0;0;415;346;342;0;1;ok
9597;2022-11-15 09:13:34;81;0;0;416;345;342;0;1;ok
9598;2022-11-15 09:13:36;81;0;0;415;345;342;1;1;ok
9599;2022-11-15 09:13:38;81;0;0;415;345;342;2;1;ok
9600;2022-11-15 09:13:40;81;0;0;415;345;343;3;1;ok
9601;2022-11-15 09:14:24;81;0;0;420;347;343;4;1;ok
9602;2022-11-15 09:14:26;81;0;0;414;343;344;0;1;ok
9603;2022-11-15 09:14:28;81;0;0;415;345;342;1;1;ok
9604;2022-11-15 09:14:30;81;0;0;416;346;343;2;1;ok
9605;2022-11-15 09:14:32;81;0;0;415;346;343;3;1;ok
9606;2022-11-15 09:14:34;81;0;0;416;345;342;4;1;ok
9607;2022-11-15 09:14:36;81;0;0;416;345;343;5;1;ok
9608;2022-11-15 09:14:38;81;0;0;416;346;343;6;1;ok
9609;2022-11-15 09:14:40;81;0;0;416;346;343;7;1;ok
9610;2022-11-15 09:14:41;81;0;0;415;346;343;8;1;ok
9611;2022-11-15 09:14:43;81;0;0;415;346;343;9;1;ok
9612;2022-11-15 09:14:45;81;0;0;416;346;343;10;1;ok
9613;2022-11-15 09:14:47;81;0;0;416;345;342;11;1;ok
9614;2022-11-15 09:14:49;81;0;0;415;345;343;12;1;ok
9615;2022-11-15 09:14:51;81;0;0;416;346;343;13;1;ok
9616;2022-11-15 09:14:53;81;0;0;415;345;343;13;1;ok
9617;2022-11-15 09:14:55;81;0;0;416;345;343;14;1;ok
9618;2022-11-15 09:14:57;81;0;0;416;345;344;14;1;ok
9619;2022-11-15 09:14:59;81;0;0;416;346;343;15;1;ok
9620;2022-11-15 09:15:01;81;0;0;415;346;343;16;1;ok
9621;2022-11-15 09:15:03;81;0;0;416;345;343;17;1;ok
9622;2022-11-15 09:15:05;81;0;0;416;346;343;18;1;ok
9623;2022-11-15 09:15:07;81;0;0;416;346;343;19;1;ok
9624;2022-11-15 09:15:09;81;0;0;416;346;343;20;1;ok
9625;2022-11-15 09:15:11;81;0;0;416;346;343;21;1;ok
9626;2022-11-15 09:15:12;81;0;0;416;346;343;22;1;ok
9627;2022-11-15 09:15:15;81;0;0;415;345;343;23;1;ok
9628;2022-11-15 09:15:17;81;0;0;416;345;343;23;1;ok
9629;2022-11-15 09:15:19;81;0;0;416;345;343;24;1;ok
9630;2022-11-15 09:15:21;81;0;0;416;345;343;24;1;ok
9631;2022-11-15 09:15:23;81;0;0;416;345;343;25;1;ok
9632;2022-11-15 09:15:25;81;0;0;416;345;343;26;1;ok
9633;2022-11-15 09:15:27;81;0;0;416;345;343;27;1;ok
9634;2022-11-15 09:15:29;81;0;0;415;345;343;28;1;ok
9635;2022-11-15 09:15:30;81;0;0;416;345;343;29;1;ok
9636;2022-11-15 09:15:32;81;0;0;415;346;342;30;1;ok
9637;2022-11-15 09:15:34;81;0;0;416;345;343;31;1;ok
9638;2022-11-15 09:15:36;81;0;0;416;346;343;31;1;ok
9639;2022-11-15 09:15:38;81;0;0;416;346;343;32;1;ok
9640;2022-11-15 09:15:40;81;0;0;416;346;343;33;1;ok
9641;2022-11-15 09:15:42;81;0;0;415;346;343;34;1;ok
9642;2022-11-15 09:15:44;81;0;0;416;345;343;35;1;ok
9643;2022-11-15 09:15:46;81;0;0;416;346;343;36;1;ok
9644;2022-11-15 09:15:48;81;0;0;416;345;343;37;1;ok
9645;2022-11-15 09:15:50;81;0;0;416;346;343;39;1;ok
9646;2022-11-15 09:15:52;81;0;0;416;346;343;39;1;ok
9647;2022-11-15 09:15:54;81;0;0;416;346;343;40;1;ok
9648;2022-11-15 09:15:56;81;0;0;416;345;343;40;1;ok
9649;2022-11-15 09:15:58;81;0;0;416;345;343;40;1;ok
9650;2022-11-15 09:16:00;81;0;0;416;345;343;41;1;ok
9651;2022-11-15 09:16:03;81;0;0;416;345;343;41;1;ok
9652;2022-11-15 09:16:05;81;0;0;416;345;343;41;1;ok
9653;2022-11-15 09:16:07;81;0;0;417;347;343;41;1;ok
9654;2022-11-15 09:16:09;81;0;0;416;346;343;42;1;ok
9655;2022-11-15 09:16:12;81;0;0;416;345;343;42;1;ok
9656;2022-11-15 09:16:13;81;0;0;416;345;343;42;1;ok
9657;2022-11-15 09:16:15;81;0;0;416;346;343;43;1;ok
9658;2022-11-15 09:16:17;81;0;0;415;345;343;44;1;ok
9659;2022-11-15 09:16:19;81;0;0;416;346;343;45;1;ok
9660;2022-11-15 09:16:21;81;0;0;416;346;343;46;1;ok
9661;2022-11-15 09:16:23;81;0;0;416;346;343;47;1;ok
9662;2022-11-15 09:16:25;81;0;0;416;345;343;48;1;ok
9663;2022-11-15 09:16:27;81;0;0;416;346;343;49;1;ok
9664;2022-11-15 09:16:29;81;0;0;416;345;343;49;1;ok
9665;2022-11-15 09:16:31;81;0;0;416;346;343;49;1;ok
9666;2022-11-15 09:16:34;81;0;0;416;345;343;49;1;ok
9667;2022-11-15 09:16:36;81;0;0;416;346;343;49;1;ok
9668;2022-11-15 09:16:37;81;0;0;416;346;343;50;1;ok
9669;2022-11-15 09:16:40;81;0;0;416;346;343;51;1;ok
9670;2022-11-15 09:16:42;81;0;0;416;346;343;51;1;ok
9671;2022-11-15 09:16:43;81;0;0;416;346;343;52;1;ok
9672;2022-11-15 09:16:45;81;0;0;416;345;343;53;1;ok
9673;2022-11-15 09:16:47;81;0;0;415;345;343;54;1;ok
9674;2022-11-15 09:16:49;81;0;0;416;346;343;55;1;ok
9675;2022-11-15 09:16:51;81;0;0;416;346;343;56;1;ok
9676;2022-11-15 09:16:53;81;0;0;416;346;343;57;1;ok
9677;2022-11-15 09:16:55;81;0;0;416;346;343;58;1;ok
9678;2022-11-15 09:16:57;81;0;0;416;346;343;59;1;ok
9679;2022-11-15 09:16:59;81;0;0;416;345;343;60;1;ok
9680;2022-11-15 09:17:00;81;0;0;416;345;344;61;1;ok
9681;2022-11-15 09:17:02;81;0;0;416;346;343;62;1;ok
9682;2022-11-15 09:17:04;81;0;0;415;345;343;63;1;ok
9683;2022-11-15 09:17:06;81;0;0;416;345;343;64;1;ok
9684;2022-11-15 09:17:08;81;0;0;416;345;343;65;1;ok
9685;2022-11-15 09:17:10;81;0;0;416;345;344;66;1;ok
9686;2022-11-15 09:17:13;81;0;0;418;347;342;66;1;ok
9687;2022-11-15 09:17:14;81;0;0;416;346;343;66;1;ok
9688;2022-11-15 09:17:16;81;0;0;415;346;343;67;1;ok
9689;2022-11-15 09:17:18;81;0;0;416;345;343;68;1;ok
9690;2022-11-15 09:17:20;81;0;0;416;345;343;69;1;ok
9691;2022-11-15 09:17:22;81;0;0;416;346;343;70;1;ok
9692;2022-11-15 09:17:24;81;0;0;415;345;343;71;1;ok
9693;2022-11-15 09:17:26;81;0;0;416;346;343;72;1;ok
9694;2022-11-15 09:17:28;81;0;0;415;345;343;72;1;ok
9695;2022-11-15 09:17:30;81;0;0;414;344;343;73;1;ok
9696;2022-11-15 09:17:32;81;0;0;416;345;343;75;1;ok
9697;2022-11-15 09:17:34;81;0;0;416;345;343;75;1;ok
9698;2022-11-15 09:17:36;81;0;0;416;346;343;75;1;ok
9699;2022-11-15 09:17:38;81;0;0;416;346;343;76;1;ok
9700;2022-11-15 09:17:40;81;0;0;416;346;342;77;1;ok
9701;2022-11-15 09:17:42;81;0;0;416;345;343;78;1;ok
9702;2022-11-15 09:17:44;81;0;0;416;346;343;78;1;ok
9703;2022-11-15 09:17:46;81;0;0;416;346;344;78;1;ok
9704;2022-11-15 09:17:48;81;0;0;415;345;344;79;1;ok
9705;2022-11-15 09:17:50;81;0;0;416;345;344;80;1;ok
9706;2022-11-15 09:17:52;81;0;0;416;346;343;81;1;ok
9707;2022-11-15 09:17:54;81;0;0;416;346;343;81;1;ok
9708;2022-11-15 09:17:56;81;0;0;415;346;343;82;1;ok
9709;2022-11-15 09:17:58;81;0;0;415;346;343;83;1;ok
9710;2022-11-15 09:18:00;81;0;0;416;345;344;84;1;ok
9711;2022-11-15 09:18:02;81;0;0;415;345;343;85;1;ok
9712;2022-11-15 09:18:04;81;0;0;416;346;343;86;1;ok
9713;2022-11-15 09:18:06;81;0;0;416;345;344;87;1;ok
9714;2022-11-15 09:18:07;81;0;0;416;345;343;88;1;ok
9715;2022-11-15 09:18:09;81;0;0;416;345;343;89;1;ok
9716;2022-11-15 09:18:11;81;0;0;416;345;343;91;1;ok
9717;2022-11-15 09:18:13;81;0;0;416;345;343;91;1;ok
9718;2022-11-15 09:18:15;81;0;0;415;345;343;92;1;ok
9719;2022-11-15 09:18:17;81;0;0;416;346;343;93;1;ok
9720;2022-11-15 09:18:19;81;0;0;416;345;343;94;1;ok
9721;2022-11-15 09:18:21;81;0;0;416;346;343;95;1;ok
9722;2022-11-15 09:18:23;81;0;0;416;346;343;96;1;ok
9723;2022-11-15 09:18:25;81;0;0;416;346;343;97;1;ok
9724;2022-11-15 09:18:26;81;0;0;416;345;343;98;1;ok
9725;2022-11-15 09:19:56;81;0;0;416;345;342;99;1;ok
9726;2022-11-15 09:19:58;81;0;0;278;344;346;0;2;ok
9727;2022-11-15 09:20:00;81;0;0;278;342;346;1;2;ok
9728;2022-11-15 09:20:02;81;0;0;278;342;346;2;2;ok
9729;2022-11-15 09:20:04;81;0;0;278;342;346;3;2;ok
9730;2022-11-15 09:20:06;81;0;0;278;342;347;4;2;ok
9731;2022-11-15 09:20:08;81;0;0;278;341;346;5;2;ok
9732;2022-11-15 09:20:09;81;0;0;278;342;346;6;2;ok
9733;2022-11-15 09:20:11;81;0;0;278;342;346;7;2;ok
9734;2022-11-15 09:20:13;81;0;0;278;342;347;8;2;ok
9735;2022-11-15 09:20:15;81;0;0;278;342;346;9;2;ok
9736;2022-11-15 09:20:17;81;0;0;278;342;346;10;2;ok
9737;2022-11-15 09:20:19;81;0;0;277;342;346;11;2;ok
9738;2022-11-15 09:20:21;81;0;0;278;342;347;12;2;ok
9739;2022-11-15 09:20:23;81;0;0;278;341;346;13;2;ok
9740;2022-11-15 09:20:25;81;0;0;278;342;347;14;2;ok
9741;2022-11-15 09:20:26;81;0;0;278;342;347;15;2;ok
9742;2022-11-15 09:20:28;81;0;0;278;341;346;16;2;ok
9743;2022-11-15 09:20:30;81;0;0;278;342;346;17;2;ok
9744;2022-11-15 09:20:32;81;0;0;278;342;346;18;2;ok
9745;2022-11-15 09:20:34;81;0;0;278;342;346;19;2;ok
9746;2022-11-15 09:20:36;81;0;0;278;341;346;20;2;ok
9747;2022-11-15 09:20:38;81;0;0;278;342;347;21;2;ok
9748;2022-11-15 09:20:40;81;0;0;278;342;346;22;2;ok
9749;2022-11-15 09:20:42;81;0;0;278;342;346;23;2;ok
9750;2022-11-15 09:20:44;81;0;0;278;342;347;24;2;ok
9751;2022-11-15 09:20:45;81;0;0;278;342;346;25;2;ok
9752;2022-11-15 09:20:47;81;0;0;278;342;347;26;2;ok
9753;2022-11-15 09:20:49;81;0;0;278;341;346;27;2;ok
9754;2022-11-15 09:20:51;81;0;0;278;342;347;28;2;ok
9755;2022-11-15 09:20:53;81;0;0;278;342;346;29;2;ok
9756;2022-11-15 09:20:55;81;0;0;278;342;347;30;2;ok
9757;2022-11-15 09:20:57;81;0;0;278;342;347;31;2;ok
9758;2022-11-15 09:20:59;81;0;0;277;342;347;32;2;ok
9759;2022-11-15 09:21:01;81;0;0;278;342;347;33;2;ok
9760;2022-11-15 09:21:03;81;0;0;278;342;346;35;2;ok
9761;2022-11-15 09:21:04;81;0;0;278;342;346;35;2;ok
9762;2022-11-15 09:21:07;81;0;0;278;342;347;36;2;ok
9763;2022-11-15 09:21:08;81;0;0;279;342;346;37;2;ok
9764;2022-11-15 09:21:10;81;0;0;278;341;346;38;2;ok
9765;2022-11-15 09:21:12;81;0;0;278;342;347;39;2;ok
9766;2022-11-15 09:21:14;81;0;0;278;342;346;40;2;ok
9767;2022-11-15 09:21:16;81;0;0;278;342;347;41;2;ok
9768;2022-11-15 09:21:18;81;0;0;278;341;347;42;2;ok
9769;2022-11-15 09:21:20;81;0;0;278;342;347;43;2;ok
9770;2022-11-15 09:21:21;81;0;0;278;342;347;44;2;ok
9771;2022-11-15 09:21:23;81;0;0;278;341;347;45;2;ok
9772;2022-11-15 09:21:26;81;0;0;279;341;346;46;2;ok
9773;2022-11-15 09:21:28;81;0;0;279;342;347;46;2;ok
9774;2022-11-15 09:21:29;81;0;0;277;341;346;47;2;ok
9775;2022-11-15 09:21:31;81;0;0;279;342;347;48;2;ok
9776;2022-11-15 09:21:34;81;0;0;278;342;346;49;2;ok
9777;2022-11-15 09:21:35;81;0;0;278;342;347;49;2;ok
9778;2022-11-15 09:21:37;81;0;0;278;341;347;50;2;ok
9779;2022-11-15 09:21:39;81;0;0;278;341;347;51;2;ok
9780;2022-11-15 09:21:41;81;0;0;278;341;347;52;2;ok
9781;2022-11-15 09:21:43;81;0;0;278;341;346;53;2;ok
9782;2022-11-15 09:21:45;81;0;0;278;342;346;54;2;ok
9783;2022-11-15 09:21:47;81;0;0;278;342;347;55;2;ok
9784;2022-11-15 09:21:49;81;0;0;278;342;347;56;2;ok
9785;2022-11-15 09:21:51;81;0;0;277;341;347;57;2;ok
9786;2022-11-15 09:21:52;81;0;0;278;342;346;58;2;ok
9787;2022-11-15 09:21:54;81;0;0;278;342;347;59;2;ok
9788;2022-11-15 09:21:56;81;0;0;278;342;346;60;2;ok
9789;2022-11-15 09:21:58;81;0;0;278;342;346;61;2;ok
9790;2022-11-15 09:22:00;81;0;0;277;342;347;62;2;ok
9791;2022-11-15 09:22:02;81;0;0;278;342;347;63;2;ok
9792;2022-11-15 09:22:05;81;0;0;278;342;347;63;2;ok
9793;2022-11-15 09:22:07;81;0;0;278;341;346;63;2;ok
9794;2022-11-15 09:22:09;81;0;0;278;342;347;63;2;ok
9795;2022-11-15 09:22:11;81;0;0;278;342;347;63;2;ok
9796;2022-11-15 09:22:13;81;0;0;278;342;347;64;2;ok
9797;2022-11-15 09:22:16;81;0;0;278;342;347;65;2;ok
9798;2022-11-15 09:22:18;81;0;0;278;342;347;65;2;ok
9799;2022-11-15 09:22:20;81;0;0;278;342;346;66;2;ok
9800;2022-11-15 09:22:24;81;0;0;278;342;347;66;2;ok
9801;2022-11-15 09:22:28;81;0;0;278;341;347;67;2;ok
9802;2022-11-15 09:22:35;81;0;0;278;342;347;67;2;ok
9803;2022-11-15 09:22:42;81;0;0;278;342;347;67;2;ok
9804;2022-11-15 09:22:49;81;0;0;278;342;347;67;2;ok
9805;2022-11-15 09:22:53;81;0;0;278;341;346;67;2;ok
9806;2022-11-15 09:22:55;81;0;0;278;341;346;67;2;ok
9807;2022-11-15 09:22:58;81;0;0;278;342;347;67;2;ok
9808;2022-11-15 09:23:00;81;0;0;278;342;347;67;2;ok
9809;2022-11-15 09:23:07;81;0;0;278;341;347;68;2;ok
9810;2022-11-15 09:23:09;81;0;0;278;341;346;68;2;ok
9811;2022-11-15 09:23:11;81;0;0;278;341;346;68;2;ok
9812;2022-11-15 09:23:12;81;0;0;278;342;347;69;2;ok
9813;2022-11-15 09:23:15;81;0;0;278;342;347;70;2;ok
9814;2022-11-15 09:23:17;81;0;0;278;342;347;70;2;ok
9815;2022-11-15 09:23:19;81;0;0;278;342;346;71;2;ok
9816;2022-11-15 09:23:21;81;0;0;278;342;347;72;2;ok
9817;2022-11-15 09:23:22;81;0;0;278;342;347;73;2;ok
9818;2022-11-15 09:23:24;81;0;0;278;342;347;74;2;ok
9819;2022-11-15 09:23:26;81;0;0;278;342;347;75;2;ok
9820;2022-11-15 09:23:28;81;0;0;278;342;346;77;2;ok
9821;2022-11-15 09:23:30;81;0;0;278;342;346;77;2;ok
9822;2022-11-15 09:23:32;81;0;0;278;342;346;78;2;ok
9823;2022-11-15 09:23:34;81;0;0;278;342;346;79;2;ok
9824;2022-11-15 09:23:36;81;0;0;278;341;347;80;2;ok
9825;2022-11-15 09:23:38;81;0;0;278;342;347;81;2;ok
9826;2022-11-15 09:23:40;81;0;0;278;342;346;82;2;ok
9827;2022-11-15 09:23:42;81;0;0;278;342;347;82;2;ok
9828;2022-11-15 09:23:44;81;0;0;278;342;347;83;2;ok
9829;2022-11-15 09:23:46;81;0;0;278;343;349;84;2;ok
9830;2022-11-15 09:23:47;81;0;0;278;344;347;85;2;ok
9831;2022-11-15 09:23:49;81;0;0;277;339;348;86;2;ok
9832;2022-11-15 09:23:51;81;0;0;279;341;342;87;2;ok
9833;2022-11-15 09:23:53;81;0;0;276;340;343;88;2;ok
9834;2022-11-15 09:23:55;81;0;0;280;342;346;89;2;ok
9835;2022-11-15 09:23:57;81;0;0;277;340;344;90;2;ok
9836;2022-11-15 09:23:59;81;0;0;280;341;346;91;2;ok
9837;2022-11-15 09:24:01;81;0;0;278;341;347;92;2;ok
9838;2022-11-15 09:24:03;81;0;0;278;342;346;92;2;ok
9839;2022-11-15 09:24:05;81;0;0;278;342;347;92;2;ok
9840;2022-11-15 09:24:07;81;0;0;278;342;347;93;2;ok
9841;2022-11-15 09:24:09;81;0;0;278;342;347;93;2;ok
9842;2022-11-15 09:24:12;81;0;0;278;342;347;94;2;ok
9843;2022-11-15 09:24:14;81;0;0;278;341;347;95;2;ok
9844;2022-11-15 09:24:16;81;0;0;278;341;347;95;2;ok
9845;2022-11-15 09:24:18;81;0;0;277;341;346;96;2;ok
9846;2022-11-15 09:24:20;81;0;0;277;341;346;96;2;ok
9847;2022-11-15 09:24:22;81;0;0;278;342;347;97;2;ok
9848;2022-11-15 09:24:24;81;0;0;278;342;347;98;2;ok
9849;2022-11-15 09:24:26;81;0;0;279;342;347;99;2;ok
9850;2022-11-15 09:24:42;81;0;0;278;342;346;99;2;ok
9885;2022-11-15 09:27:42;81;0;0;345;412;342;1;3;ok
9886;2022-11-15 09:27:44;81;0;0;346;412;342;2;3;ok
9887;2022-11-15 09:27:46;81;0;0;346;412;342;3;3;ok
9888;2022-11-15 09:27:48;81;0;0;346;412;342;4;3;ok
9889;2022-11-15 09:27:50;81;0;0;346;412;342;5;3;ok
9890;2022-11-15 09:27:52;81;0;0;346;411;342;7;3;ok
9891;2022-11-15 09:27:54;81;0;0;346;411;342;7;3;ok
9892;2022-11-15 09:27:55;81;0;0;345;412;342;8;3;ok
9893;2022-11-15 09:27:57;81;0;0;346;412;342;9;3;ok
9894;2022-11-15 09:27:59;81;0;0;346;412;342;10;3;ok
9895;2022-11-15 09:28:01;81;0;0;346;412;342;11;3;ok
9896;2022-11-15 09:28:03;81;0;0;346;412;341;12;3;ok
9897;2022-11-15 09:28:05;81;0;0;345;413;342;13;3;ok
9898;2022-11-15 09:28:07;81;0;0;345;413;342;14;3;ok
9899;2022-11-15 09:28:09;81;0;0;345;413;342;15;3;ok
9900;2022-11-15 09:28:11;81;0;0;346;413;341;16;3;ok
9901;2022-11-15 09:28:12;81;0;0;345;412;342;17;3;ok
9902;2022-11-15 09:28:14;81;0;0;346;412;342;18;3;ok
9903;2022-11-15 09:28:16;81;0;0;346;413;342;19;3;ok
9904;2022-11-15 09:28:18;81;0;0;346;412;342;20;3;ok
9905;2022-11-15 09:28:20;81;0;0;346;412;342;21;3;ok
9906;2022-11-15 09:28:22;81;0;0;346;413;342;22;3;ok
9907;2022-11-15 09:28:24;81;0;0;345;413;342;23;3;ok
9908;2022-11-15 09:28:26;81;0;0;346;412;342;24;3;ok
9909;2022-11-15 09:28:28;81;0;0;345;412;342;25;3;ok
9910;2022-11-15 09:28:30;81;0;0;346;412;341;25;3;ok
9911;2022-11-15 09:28:32;81;0;0;345;412;342;26;3;ok
9912;2022-11-15 09:28:34;81;0;0;346;412;342;26;3;ok
9913;2022-11-15 09:28:36;81;0;0;347;410;341;27;3;ok
9914;2022-11-15 09:28:39;81;0;0;346;413;342;27;3;ok
9915;2022-11-15 09:28:42;81;0;0;346;412;342;27;3;ok
9916;2022-11-15 09:28:43;81;0;0;345;412;342;27;3;ok
9917;2022-11-15 09:28:45;81;0;0;346;413;342;27;3;ok
9918;2022-11-15 09:28:47;81;0;0;346;412;342;28;3;ok
9919;2022-11-15 09:28:51;81;0;0;346;412;342;29;3;ok
9920;2022-11-15 09:28:54;81;0;0;346;413;342;29;3;ok
9921;2022-11-15 09:28:56;81;0;0;346;413;342;29;3;ok
9922;2022-11-15 09:28:58;81;0;0;346;413;342;30;3;ok
9923;2022-11-15 09:29:00;81;0;0;345;413;342;30;3;ok
9924;2022-11-15 09:29:05;81;0;0;346;413;342;30;3;ok
9925;2022-11-15 09:29:07;81;0;0;345;407;339;30;3;ok
9926;2022-11-15 09:29:09;81;0;0;346;413;341;31;3;ok
9927;2022-11-15 09:29:11;81;0;0;346;412;342;31;3;ok
9928;2022-11-15 09:29:13;81;0;0;346;413;342;32;3;ok
9929;2022-11-15 09:29:15;81;0;0;345;413;342;32;3;ok
9930;2022-11-15 09:29:17;81;0;0;345;412;342;33;3;ok
9931;2022-11-15 09:29:19;81;0;0;346;413;342;34;3;ok
9932;2022-11-15 09:29:21;81;0;0;346;412;342;34;3;ok
9933;2022-11-15 09:29:23;81;0;0;346;412;342;34;3;ok
9934;2022-11-15 09:29:26;81;0;0;346;412;342;35;3;ok
9935;2022-11-15 09:29:27;81;0;0;346;412;342;35;3;ok
9936;2022-11-15 09:29:30;81;0;0;346;412;342;36;3;ok
9937;2022-11-15 09:29:32;81;0;0;346;412;342;36;3;ok
9938;2022-11-15 09:29:33;81;0;0;345;412;341;37;3;ok
9939;2022-11-15 09:29:35;81;0;0;346;412;342;38;3;ok
9940;2022-11-15 09:29:37;81;0;0;346;412;343;39;3;ok
9941;2022-11-15 09:29:40;81;0;0;345;412;342;40;3;ok
9942;2022-11-15 09:29:44;81;0;0;346;411;342;41;3;ok
9943;2022-11-15 09:29:48;81;0;0;346;412;342;42;3;ok
9944;2022-11-15 09:29:55;81;0;0;346;413;342;42;3;ok
9945;2022-11-15 09:30:01;81;0;0;346;413;342;42;3;ok
9946;2022-11-15 09:30:08;81;0;0;345;412;342;42;3;ok
9947;2022-11-15 09:30:15;81;0;0;346;413;342;42;3;ok
9948;2022-11-15 09:30:22;81;0;0;346;412;342;42;3;ok
9949;2022-11-15 09:30:29;81;0;0;346;412;342;42;3;ok
9950;2022-11-15 09:30:35;81;0;0;346;412;342;42;3;ok
9951;2022-11-15 09:30:42;81;0;0;346;413;342;42;3;ok
9952;2022-11-15 09:30:49;81;0;0;346;413;342;42;3;ok
9953;2022-11-15 09:30:51;81;0;0;345;413;342;42;3;ok
9954;2022-11-15 09:30:53;81;0;0;346;413;342;42;3;ok
9955;2022-11-15 09:30:57;81;0;0;346;413;342;44;3;ok
9956;2022-11-15 09:30:59;81;0;0;346;412;342;45;3;ok
9957;2022-11-15 09:31:01;81;0;0;346;412;342;45;3;ok
9958;2022-11-15 09:31:03;81;0;0;346;412;342;46;3;ok
9959;2022-11-15 09:31:05;81;0;0;346;412;342;47;3;ok
9960;2022-11-15 09:31:07;81;0;0;346;412;342;48;3;ok
9961;2022-11-15 09:31:11;81;0;0;346;412;342;50;3;ok
9962;2022-11-15 09:31:13;81;0;0;346;412;342;50;3;ok
9963;2022-11-15 09:31:15;81;0;0;345;412;342;51;3;ok
9964;2022-11-15 09:31:17;81;0;0;345;412;342;52;3;ok
9965;2022-11-15 09:31:18;81;0;0;345;412;342;53;3;ok
9966;2022-11-15 09:31:20;81;0;0;346;412;341;54;3;ok
9967;2022-11-15 09:31:22;81;0;0;345;412;342;55;3;ok
9968;2022-11-15 09:31:25;81;0;0;345;412;342;56;3;ok
9969;2022-11-15 09:31:27;81;0;0;346;412;342;56;3;ok
9970;2022-11-15 09:31:29;81;0;0;346;412;342;56;3;ok
9971;2022-11-15 09:31:31;81;0;0;346;412;342;58;3;ok
9972;2022-11-15 09:31:33;81;0;0;346;412;342;58;3;ok
9973;2022-11-15 09:31:35;81;0;0;346;413;342;58;3;ok
9974;2022-11-15 09:31:37;81;0;0;346;412;342;58;3;ok
9975;2022-11-15 09:31:39;81;0;0;346;412;342;59;3;ok
9976;2022-11-15 09:31:43;81;0;0;346;412;342;59;3;ok
9977;2022-11-15 09:31:44;81;0;0;346;412;342;59;3;ok
9978;2022-11-15 09:31:46;81;0;0;346;412;342;59;3;ok
9979;2022-11-15 09:31:48;81;0;0;346;412;342;60;3;ok
9980;2022-11-15 09:31:50;81;0;0;345;412;342;61;3;ok
9981;2022-11-15 09:31:52;81;0;0;346;413;342;61;3;ok
9982;2022-11-15 09:31:54;81;0;0;346;412;342;62;3;ok
9983;2022-11-15 09:31:56;81;0;0;346;413;342;63;3;ok
9984;2022-11-15 09:31:58;81;0;0;345;412;342;63;3;ok
9985;2022-11-15 09:32:00;81;0;0;346;412;341;64;3;ok
9986;2022-11-15 09:32:02;81;0;0;345;412;342;65;3;ok
9987;2022-11-15 09:32:03;81;0;0;345;412;342;66;3;ok
9988;2022-11-15 09:32:05;81;0;0;345;412;342;67;3;ok
9989;2022-11-15 09:32:08;81;0;0;346;412;342;68;3;ok
9990;2022-11-15 09:32:10;81;0;0;346;412;342;68;3;ok
9991;2022-11-15 09:32:12;81;0;0;346;412;342;68;3;ok
9992;2022-11-15 09:32:14;81;0;0;346;413;342;69;3;ok
9993;2022-11-15 09:32:16;81;0;0;346;412;342;70;3;ok
9994;2022-11-15 09:32:18;81;0;0;346;413;343;70;3;ok
9995;2022-11-15 09:32:20;81;0;0;346;412;342;71;3;ok
9996;2022-11-15 09:32:22;81;0;0;346;412;342;72;3;ok
9997;2022-11-15 09:32:23;81;0;0;346;412;342;73;3;ok
9998;2022-11-15 09:32:26;81;0;0;346;412;342;74;3;ok
9999;2022-11-15 09:32:28;81;0;0;345;412;341;74;3;ok
10000;2022-11-15 09:32:30;81;0;0;346;412;342;74;3;ok
10001;2022-11-15 09:32:32;81;0;0;346;412;342;75;3;ok
10002;2022-11-15 09:32:34;81;0;0;346;412;342;75;3;ok
10003;2022-11-15 09:32:36;81;0;0;345;413;341;76;3;ok
10004;2022-11-15 09:32:38;81;0;0;345;412;342;77;3;ok
10005;2022-11-15 09:32:40;81;0;0;345;413;342;78;3;ok
10006;2022-11-15 09:32:42;81;0;0;346;412;342;78;3;ok
10007;2022-11-15 09:32:44;81;0;0;345;412;341;79;3;ok
10008;2022-11-15 09:32:46;81;0;0;346;412;342;80;3;ok
10009;2022-11-15 09:32:48;81;0;0;346;412;342;81;3;ok
10010;2022-11-15 09:32:50;81;0;0;345;412;342;81;3;ok
10011;2022-11-15 09:32:52;81;0;0;345;412;342;82;3;ok
10012;2022-11-15 09:32:54;81;0;0;346;412;342;83;3;ok
10013;2022-11-15 09:32:56;81;0;0;346;412;341;84;3;ok
10014;2022-11-15 09:32:58;81;0;0;346;412;342;85;3;ok
10015;2022-11-15 09:33:00;81;0;0;346;413;342;86;3;ok
10016;2022-11-15 09:33:01;81;0;0;346;412;342;87;3;ok
10017;2022-11-15 09:33:03;81;0;0;346;412;342;88;3;ok
10018;2022-11-15 09:33:05;81;0;0;346;412;342;89;3;ok
10019;2022-11-15 09:33:07;81;0;0;345;412;342;90;3;ok
10020;2022-11-15 09:33:09;81;0;0;345;412;342;91;3;ok
10021;2022-11-15 09:33:11;81;0;0;346;412;342;92;3;ok
10022;2022-11-15 09:33:13;81;0;0;345;412;342;93;3;ok
10023;2022-11-15 09:33:15;81;0;0;346;412;342;94;3;ok
10024;2022-11-15 09:33:17;81;0;0;345;413;342;95;3;ok
10025;2022-11-15 09:33:18;81;0;0;346;412;342;96;3;ok
10026;2022-11-15 09:33:20;81;0;0;345;412;342;97;3;ok
10027;2022-11-15 09:33:22;81;0;0;346;412;342;98;3;ok
10028;2022-11-15 09:34:36;81;0;0;346;412;342;99;3;ok
10029;2022-11-15 09:34:38;81;0;0;346;275;343;0;4;ok
10030;2022-11-15 09:34:40;81;0;0;347;275;344;1;4;ok
10031;2022-11-15 09:34:42;81;0;0;348;274;344;1;4;ok
10032;2022-11-15 09:34:44;81;0;0;347;275;345;1;4;ok
10033;2022-11-15 09:34:47;81;0;0;347;275;344;1;4;ok
10034;2022-11-15 09:34:48;81;0;0;347;275;344;1;4;ok
10035;2022-11-15 09:34:51;81;0;0;347;275;344;2;4;ok
10036;2022-11-15 09:34:53;81;0;0;347;275;344;2;4;ok
10037;2022-11-15 09:34:55;81;0;0;347;275;344;3;4;ok
10038;2022-11-15 09:34:57;81;0;0;347;275;344;3;4;ok
10039;2022-11-15 09:34:59;81;0;0;347;275;344;3;4;ok
10040;2022-11-15 09:35:01;81;0;0;347;275;344;4;4;ok
10041;2022-11-15 09:35:03;81;0;0;347;275;345;5;4;ok
10042;2022-11-15 09:35:05;81;0;0;347;275;344;6;4;ok
10043;2022-11-15 09:35:07;81;0;0;347;275;344;7;4;ok
10044;2022-11-15 09:35:09;81;0;0;347;275;344;7;4;ok
10045;2022-11-15 09:35:11;81;0;0;347;275;344;8;4;ok
10046;2022-11-15 09:35:13;81;0;0;348;274;344;9;4;ok
10047;2022-11-15 09:35:15;81;0;0;347;275;344;10;4;ok
10048;2022-11-15 09:35:17;81;0;0;347;275;344;11;4;ok
10049;2022-11-15 09:35:19;81;0;0;347;275;344;11;4;ok
10050;2022-11-15 09:35:21;81;0;0;348;275;344;12;4;ok
10051;2022-11-15 09:35:23;81;0;0;347;275;344;12;4;ok
10052;2022-11-15 09:35:25;81;0;0;348;275;344;12;4;ok
10053;2022-11-15 09:35:27;81;0;0;347;275;345;13;4;ok
10054;2022-11-15 09:35:29;81;0;0;347;275;344;14;4;ok
10055;2022-11-15 09:35:31;81;0;0;348;275;344;15;4;ok
10056;2022-11-15 09:35:33;81;0;0;347;275;344;16;4;ok
10057;2022-11-15 09:35:35;81;0;0;347;275;344;16;4;ok
10058;2022-11-15 09:35:37;81;0;0;347;275;345;18;4;ok
10059;2022-11-15 09:35:39;81;0;0;347;275;345;18;4;ok
10060;2022-11-15 09:35:44;81;0;0;347;275;345;19;4;ok
10061;2022-11-15 09:35:45;81;0;0;347;276;344;19;4;ok
10062;2022-11-15 09:35:45;81;0;0;347;275;344;20;4;ok
10063;2022-11-15 09:35:47;81;0;0;347;275;345;20;4;ok
10064;2022-11-15 09:35:49;81;0;0;347;275;344;21;4;ok
10065;2022-11-15 09:35:51;81;0;0;347;275;344;22;4;ok
10066;2022-11-15 09:35:53;81;0;0;347;275;345;23;4;ok
10067;2022-11-15 09:35:55;81;0;0;347;274;345;25;4;ok
10068;2022-11-15 09:35:57;81;0;0;347;274;345;25;4;ok
10069;2022-11-15 09:35:59;81;0;0;347;275;344;26;4;ok
10070;2022-11-15 09:36:01;81;0;0;347;275;345;27;4;ok
10071;2022-11-15 09:36:03;81;0;0;347;275;345;28;4;ok
10072;2022-11-15 09:36:05;81;0;0;348;275;345;29;4;ok
10073;2022-11-15 09:36:07;81;0;0;347;275;344;29;4;ok
10074;2022-11-15 09:36:09;81;0;0;347;275;344;29;4;ok
10075;2022-11-15 09:36:12;81;0;0;348;274;345;29;4;ok
10076;2022-11-15 09:36:13;81;0;0;347;275;345;29;4;ok
10077;2022-11-15 09:36:15;81;0;0;347;275;344;30;4;ok
10078;2022-11-15 09:36:18;81;0;0;348;271;346;31;4;ok
10079;2022-11-15 09:36:20;81;0;0;347;275;344;31;4;ok
10080;2022-11-15 09:36:21;81;0;0;347;275;345;32;4;ok
10081;2022-11-15 09:36:23;81;0;0;347;274;345;33;4;ok
10082;2022-11-15 09:36:25;81;0;0;347;275;345;34;4;ok
10083;2022-11-15 09:36:27;81;0;0;347;275;345;35;4;ok
10084;2022-11-15 09:36:29;81;0;0;347;275;344;36;4;ok
10085;2022-11-15 09:36:31;81;0;0;347;275;344;37;4;ok
10086;2022-11-15 09:36:33;81;0;0;348;274;345;38;4;ok
10087;2022-11-15 09:36:35;81;0;0;348;275;344;39;4;ok
10088;2022-11-15 09:36:37;81;0;0;348;275;344;39;4;ok
10089;2022-11-15 09:36:39;81;0;0;347;275;345;40;4;ok
10090;2022-11-15 09:36:41;81;0;0;348;276;344;41;4;ok
10091;2022-11-15 09:36:43;81;0;0;348;275;344;42;4;ok
10092;2022-11-15 09:36:45;81;0;0;347;275;345;43;4;ok
10093;2022-11-15 09:36:46;81;0;0;347;275;345;44;4;ok
10094;2022-11-15 09:36:48;81;0;0;347;275;344;45;4;ok
10095;2022-11-15 09:36:50;81;0;0;347;274;345;46;4;ok
10096;2022-11-15 09:36:53;81;0;0;347;275;345;47;4;ok
10097;2022-11-15 09:36:54;81;0;0;347;275;345;47;4;ok
10098;2022-11-15 09:36:56;81;0;0;348;275;344;48;4;ok
10099;2022-11-15 09:36:58;81;0;0;348;275;344;49;4;ok
10100;2022-11-15 09:37:00;81;0;0;347;275;344;50;4;ok
10101;2022-11-15 09:37:02;81;0;0;348;275;344;51;4;ok
10102;2022-11-15 09:37:04;81;0;0;347;275;345;52;4;ok
10103;2022-11-15 09:37:06;81;0;0;348;275;345;52;4;ok
10104;2022-11-15 09:37:08;81;0;0;348;275;345;53;4;ok
10105;2022-11-15 09:37:11;81;0;0;347;274;344;53;4;ok
10106;2022-11-15 09:37:13;81;0;0;347;275;344;53;4;ok
10107;2022-11-15 09:37:15;81;0;0;347;275;344;54;4;ok
10108;2022-11-15 09:37:16;81;0;0;347;275;344;55;4;ok
10109;2022-11-15 09:37:18;81;0;0;347;275;344;56;4;ok
10110;2022-11-15 09:37:20;81;0;0;347;275;345;57;4;ok
10111;2022-11-15 09:37:22;81;0;0;347;275;344;58;4;ok
10112;2022-11-15 09:37:24;81;0;0;348;274;345;59;4;ok
10113;2022-11-15 09:37:26;81;0;0;347;275;344;60;4;ok
10114;2022-11-15 09:37:28;81;0;0;348;275;344;61;4;ok
10115;2022-11-15 09:37:30;81;0;0;347;274;344;62;4;ok
10116;2022-11-15 09:37:31;81;0;0;347;275;344;63;4;ok
10117;2022-11-15 09:37:33;81;0;0;347;275;344;64;4;ok
10118;2022-11-15 09:37:35;81;0;0;347;275;345;65;4;ok
10119;2022-11-15 09:37:37;81;0;0;348;275;345;66;4;ok
10120;2022-11-15 09:37:40;81;0;0;347;275;344;67;4;ok
10121;2022-11-15 09:37:41;81;0;0;347;275;344;67;4;ok
10122;2022-11-15 09:37:43;81;0;0;348;275;345;68;4;ok
10123;2022-11-15 09:37:45;81;0;0;347;275;344;69;4;ok
10124;2022-11-15 09:37:47;81;0;0;347;275;343;70;4;ok
10125;2022-11-15 09:37:49;81;0;0;348;275;345;71;4;ok
10126;2022-11-15 09:37:51;81;0;0;347;275;344;72;4;ok
10127;2022-11-15 09:37:53;81;0;0;348;275;345;73;4;ok
10128;2022-11-15 09:37:55;81;0;0;348;275;345;74;4;ok
10129;2022-11-15 09:37:57;81;0;0;347;275;345;75;4;ok
10130;2022-11-15 09:37:58;81;0;0;347;275;345;76;4;ok
10131;2022-11-15 09:38:00;81;0;0;347;275;345;77;4;ok
10132;2022-11-15 09:38:02;81;0;0;347;276;344;78;4;ok
10133;2022-11-15 09:38:04;81;0;0;347;275;345;79;4;ok
10134;2022-11-15 09:38:06;81;0;0;347;275;345;80;4;ok
10135;2022-11-15 09:38:08;81;0;0;347;275;345;81;4;ok
10136;2022-11-15 09:38:10;81;0;0;347;275;344;82;4;ok
10137;2022-11-15 09:38:12;81;0;0;347;275;344;83;4;ok
10138;2022-11-15 09:38:14;81;0;0;347;275;344;83;4;ok
10139;2022-11-15 09:38:16;81;0;0;348;274;344;84;4;ok
10140;2022-11-15 09:38:18;81;0;0;348;275;345;84;4;ok
10141;2022-11-15 09:38:20;81;0;0;347;275;345;85;4;ok
10142;2022-11-15 09:38:22;81;0;0;348;275;345;86;4;ok
10143;2022-11-15 09:38:24;81;0;0;347;275;344;87;4;ok
10144;2022-11-15 09:38:26;81;0;0;348;275;344;88;4;ok
10145;2022-11-15 09:38:28;81;0;0;348;275;345;89;4;ok
10146;2022-11-15 09:38:30;81;0;0;348;275;345;91;4;ok
10147;2022-11-15 09:38:32;81;0;0;348;275;345;91;4;ok
10148;2022-11-15 09:38:33;81;0;0;347;275;345;92;4;ok
10149;2022-11-15 09:38:35;81;0;0;347;275;344;93;4;ok
10150;2022-11-15 09:38:37;81;0;0;347;275;345;94;4;ok
10151;2022-11-15 09:38:39;81;0;0;347;275;344;95;4;ok
10152;2022-11-15 09:38:41;81;0;0;347;275;345;96;4;ok
10153;2022-11-15 09:38:43;81;0;0;347;275;345;96;4;ok
10154;2022-11-15 09:38:45;81;0;0;347;275;345;97;4;ok
10155;2022-11-15 09:38:47;81;0;0;347;275;344;98;4;ok
10156;2022-11-15 09:40:45;81;0;0;348;275;345;99;4;ok
10157;2022-11-15 09:40:47;81;0;0;351;341;421;0;5;ok
10158;2022-11-15 09:40:50;81;0;0;350;341;421;0;5;ok
10159;2022-11-15 09:40:51;81;0;0;350;341;420;0;5;ok
10160;2022-11-15 09:40:54;81;0;0;350;341;421;1;5;ok
10161;2022-11-15 09:40:56;81;0;0;350;341;421;1;5;ok
10162;2022-11-15 09:40:58;81;0;0;350;341;421;1;5;ok
10163;2022-11-15 09:41:00;81;0;0;350;341;421;1;5;ok
10164;2022-11-15 09:41:03;81;0;0;350;341;421;1;5;ok
10165;2022-11-15 09:41:05;81;0;0;350;341;421;1;5;ok
10166;2022-11-15 09:41:06;81;0;0;350;341;421;2;5;ok
10167;2022-11-15 09:41:08;81;0;0;350;341;421;3;5;ok
10168;2022-11-15 09:41:10;81;0;0;349;341;422;4;5;ok
10169;2022-11-15 09:41:12;81;0;0;350;341;421;5;5;ok
10170;2022-11-15 09:41:14;81;0;0;350;340;421;6;5;ok
10171;2022-11-15 09:41:16;81;0;0;350;341;421;6;5;ok
10172;2022-11-15 09:41:18;81;0;0;350;340;421;7;5;ok
10173;2022-11-15 09:41:20;81;0;0;349;340;422;8;5;ok
10174;2022-11-15 09:41:23;81;0;0;349;340;421;8;5;ok
10175;2022-11-15 09:41:25;81;0;0;350;340;421;8;5;ok
10176;2022-11-15 09:41:27;81;0;0;349;340;422;8;5;ok
10177;2022-11-15 09:41:29;81;0;0;350;341;421;9;5;ok
10178;2022-11-15 09:41:31;81;0;0;350;340;421;10;5;ok
10179;2022-11-15 09:41:33;81;0;0;350;340;421;11;5;ok
10180;2022-11-15 09:41:34;81;0;0;350;341;421;12;5;ok
10181;2022-11-15 09:41:36;81;0;0;350;341;421;14;5;ok
10182;2022-11-15 09:41:38;81;0;0;350;341;421;14;5;ok
10183;2022-11-15 09:41:40;81;0;0;350;341;421;15;5;ok
10184;2022-11-15 09:41:42;81;0;0;350;341;421;16;5;ok
10185;2022-11-15 09:41:44;81;0;0;350;341;422;17;5;ok
10186;2022-11-15 09:41:46;81;0;0;350;341;421;18;5;ok
10187;2022-11-15 09:41:48;81;0;0;350;340;421;18;5;ok
10188;2022-11-15 09:41:50;81;0;0;349;341;421;19;5;ok
10189;2022-11-15 09:41:52;81;0;0;349;341;422;21;5;ok
10190;2022-11-15 09:41:54;81;0;0;349;341;422;21;5;ok
10191;2022-11-15 09:41:56;81;0;0;349;341;420;22;5;ok
10192;2022-11-15 09:41:59;81;0;0;349;340;421;22;5;ok
10193;2022-11-15 09:42:00;81;0;0;350;340;422;22;5;ok
10194;2022-11-15 09:42:03;81;0;0;350;341;421;23;5;ok
10195;2022-11-15 09:42:05;81;0;0;349;341;421;23;5;ok
10196;2022-11-15 09:42:06;81;0;0;350;340;421;24;5;ok
10197;2022-11-15 09:42:09;81;0;0;350;341;421;25;5;ok
10198;2022-11-15 09:42:11;81;0;0;350;341;421;25;5;ok
10199;2022-11-15 09:42:13;81;0;0;351;341;420;25;5;ok
10200;2022-11-15 09:42:15;81;0;0;350;340;421;26;5;ok
10201;2022-11-15 09:42:17;81;0;0;350;341;422;28;5;ok
10202;2022-11-15 09:42:19;81;0;0;350;341;421;28;5;ok
10203;2022-11-15 09:42:21;81;0;0;350;341;421;28;5;ok
10204;2022-11-15 09:42:23;81;0;0;350;341;422;28;5;ok
10205;2022-11-15 09:42:25;81;0;0;350;341;420;29;5;ok
10206;2022-11-15 09:42:28;81;0;0;350;340;422;29;5;ok
10207;2022-11-15 09:42:30;81;0;0;350;340;421;29;5;ok
10208;2022-11-15 09:42:32;81;0;0;350;340;421;29;5;ok
10209;2022-11-15 09:42:34;81;0;0;350;340;422;30;5;ok
10210;2022-11-15 09:42:36;81;0;0;349;340;421;31;5;ok
10211;2022-11-15 09:42:38;81;0;0;350;341;421;31;5;ok
10212;2022-11-15 09:42:40;81;0;0;350;340;421;31;5;ok
10213;2022-11-15 09:42:43;81;0;0;351;341;421;31;5;ok
10214;2022-11-15 09:42:45;81;0;0;350;340;421;31;5;ok
10215;2022-11-15 09:42:47;81;0;0;350;341;421;31;5;ok
10216;2022-11-15 09:42:49;81;0;0;350;340;421;32;5;ok
10217;2022-11-15 09:42:51;81;0;0;350;340;422;32;5;ok
10218;2022-11-15 09:42:53;81;0;0;350;340;421;33;5;ok
10219;2022-11-15 09:42:55;81;0;0;349;341;422;34;5;ok
10220;2022-11-15 09:42:57;81;0;0;350;341;420;35;5;ok
10221;2022-11-15 09:42:59;81;0;0;350;340;421;35;5;ok
10222;2022-11-15 09:43:02;81;0;0;350;340;421;35;5;ok
10223;2022-11-15 09:43:04;81;0;0;349;340;421;35;5;ok
10224;2022-11-15 09:43:06;81;0;0;349;340;422;35;5;ok
10225;2022-11-15 09:43:08;81;0;0;350;341;421;35;5;ok
10226;2022-11-15 09:43:11;81;0;0;350;340;421;35;5;ok
10227;2022-11-15 09:43:13;81;0;0;350;341;421;35;5;ok
10228;2022-11-15 09:43:15;81;0;0;350;341;421;35;5;ok
10229;2022-11-15 09:43:17;81;0;0;350;341;422;35;5;ok
10230;2022-11-15 09:43:20;81;0;0;350;341;421;35;5;ok
10231;2022-11-15 09:43:22;81;0;0;349;340;421;35;5;ok
10232;2022-11-15 09:43:24;81;0;0;350;341;422;35;5;ok
10233;2022-11-15 09:43:26;81;0;0;350;341;422;35;5;ok
10234;2022-11-15 09:43:29;81;0;0;350;340;421;35;5;ok
10235;2022-11-15 09:43:31;81;0;0;349;340;421;35;5;ok
10236;2022-11-15 09:43:33;81;0;0;349;340;421;35;5;ok
10237;2022-11-15 09:43:36;81;0;0;350;340;421;35;5;ok
10238;2022-11-15 09:43:38;81;0;0;349;340;422;35;5;ok
10239;2022-11-15 09:43:40;81;0;0;350;340;421;35;5;ok
10240;2022-11-15 09:43:43;81;0;0;350;341;421;35;5;ok
10241;2022-11-15 09:43:45;81;0;0;350;340;422;35;5;ok
10242;2022-11-15 09:43:47;81;0;0;350;340;422;35;5;ok
10243;2022-11-15 09:43:49;81;0;0;350;341;421;35;5;ok
10244;2022-11-15 09:43:51;81;0;0;350;340;421;35;5;ok
10245;2022-11-15 09:43:54;81;0;0;350;340;421;35;5;ok
10246;2022-11-15 09:43:56;81;0;0;350;340;422;35;5;ok
10247;2022-11-15 09:43:58;81;0;0;350;341;421;35;5;ok
10248;2022-11-15 09:44:01;81;0;0;350;340;421;35;5;ok
10249;2022-11-15 09:44:03;81;0;0;350;340;422;35;5;ok
10250;2022-11-15 09:44:05;81;0;0;350;341;421;35;5;ok
10251;2022-11-15 09:44:07;81;0;0;350;341;421;35;5;ok
10252;2022-11-15 09:44:09;81;0;0;350;341;422;35;5;ok
10253;2022-11-15 09:44:11;81;0;0;349;340;421;35;5;ok
10254;2022-11-15 09:44:13;81;0;0;350;341;421;36;5;ok
10255;2022-11-15 09:44:15;81;0;0;350;341;421;37;5;ok
10256;2022-11-15 09:44:17;81;0;0;350;341;421;38;5;ok
10257;2022-11-15 09:44:19;81;0;0;350;341;421;39;5;ok
10258;2022-11-15 09:44:23;81;0;0;350;340;422;40;5;ok
10259;2022-11-15 09:44:28;81;0;0;350;340;421;41;5;ok
10260;2022-11-15 09:44:32;81;0;0;350;340;421;42;5;ok
10261;2022-11-15 09:44:36;81;0;0;350;341;421;43;5;ok
10262;2022-11-15 09:44:40;81;0;0;350;341;421;44;5;ok
10263;2022-11-15 09:44:44;81;0;0;350;341;421;45;5;ok
10264;2022-11-15 09:44:48;81;0;0;350;341;422;46;5;ok
10265;2022-11-15 09:44:53;81;0;0;350;340;421;47;5;ok
10266;2022-11-15 09:44:57;81;0;0;350;341;421;48;5;ok
10267;2022-11-15 09:45:01;81;0;0;350;341;421;49;5;ok
10268;2022-11-15 09:45:05;81;0;0;350;341;421;49;5;ok
10269;2022-11-15 09:45:10;81;0;0;350;341;421;49;5;ok
10270;2022-11-15 09:45:14;81;0;0;350;341;422;49;5;ok
10271;2022-11-15 09:45:21;81;0;0;350;341;422;49;5;ok
10272;2022-11-15 09:45:25;81;0;0;350;341;422;50;5;ok
10273;2022-11-15 09:45:30;81;0;0;350;340;421;51;5;ok
10274;2022-11-15 09:45:34;81;0;0;350;341;422;52;5;ok
10275;2022-11-15 09:45:38;81;0;0;350;340;421;53;5;ok
10276;2022-11-15 09:45:40;81;0;0;350;340;421;53;5;ok
10277;2022-11-15 09:45:42;81;0;0;350;341;422;53;5;ok
10278;2022-11-15 09:45:45;81;0;0;350;341;421;53;5;ok
10279;2022-11-15 09:45:47;81;0;0;350;341;422;53;5;ok
10280;2022-11-15 09:45:49;81;0;0;350;341;421;54;5;ok
10281;2022-11-15 09:45:53;81;0;0;350;341;421;55;5;ok
10282;2022-11-15 09:45:57;81;0;0;350;340;421;56;5;ok
10283;2022-11-15 09:46:02;81;0;0;350;341;421;56;5;ok
10284;2022-11-15 09:46:07;81;0;0;349;340;421;57;5;ok
10285;2022-11-15 09:46:10;81;0;0;350;341;421;57;5;ok
10286;2022-11-15 09:46:15;81;0;0;350;340;422;57;5;ok
10287;2022-11-15 09:46:19;81;0;0;350;340;421;57;5;ok
10288;2022-11-15 09:46:26;81;0;0;350;340;421;57;5;ok
10289;2022-11-15 09:46:30;81;0;0;351;341;421;58;5;ok
10290;2022-11-15 09:46:35;81;0;0;350;340;421;59;5;ok
10291;2022-11-15 09:46:39;81;0;0;349;341;421;60;5;ok
10292;2022-11-15 09:46:43;81;0;0;350;341;422;61;5;ok
10293;2022-11-15 09:46:47;81;0;0;350;341;421;62;5;ok
10294;2022-11-15 09:46:51;81;0;0;350;341;422;63;5;ok
10295;2022-11-15 09:46:55;81;0;0;350;341;421;64;5;ok
10296;2022-11-15 09:46:59;81;0;0;350;341;421;65;5;ok
10297;2022-11-15 09:47:04;81;0;0;350;341;421;66;5;ok
10298;2022-11-15 09:47:08;81;0;0;350;340;422;67;5;ok
10299;2022-11-15 09:47:10;81;0;0;350;340;422;67;5;ok
10300;2022-11-15 09:47:12;81;0;0;350;341;421;67;5;ok
10301;2022-11-15 09:47:14;81;0;0;349;340;421;68;5;ok
10302;2022-11-15 09:47:16;81;0;0;350;341;421;69;5;ok
10303;2022-11-15 09:47:18;81;0;0;351;341;421;69;5;ok
10304;2022-11-15 09:47:20;81;0;0;350;341;421;70;5;ok
10305;2022-11-15 09:47:22;81;0;0;350;341;421;71;5;ok
10306;2022-11-15 09:47:24;81;0;0;350;340;420;72;5;ok
10307;2022-11-15 09:47:26;81;0;0;350;340;421;72;5;ok
10308;2022-11-15 09:47:28;81;0;0;350;341;422;74;5;ok
10309;2022-11-15 09:47:30;81;0;0;349;340;421;74;5;ok
10310;2022-11-15 09:47:32;81;0;0;349;340;421;74;5;ok
10311;2022-11-15 09:47:34;81;0;0;350;341;421;75;5;ok
10312;2022-11-15 09:47:36;81;0;0;350;341;421;75;5;ok
10313;2022-11-15 09:47:38;81;0;0;350;340;421;76;5;ok
10314;2022-11-15 09:47:40;81;0;0;349;340;421;77;5;ok
10315;2022-11-15 09:47:42;81;0;0;350;340;421;78;5;ok
10316;2022-11-15 09:47:44;81;0;0;351;341;419;79;5;ok
10317;2022-11-15 09:47:46;81;0;0;350;341;421;79;5;ok
10318;2022-11-15 09:47:48;81;0;0;350;341;421;80;5;ok
10319;2022-11-15 09:47:50;81;0;0;349;340;422;81;5;ok
10320;2022-11-15 09:47:52;81;0;0;350;340;421;82;5;ok
10321;2022-11-15 09:47:54;81;0;0;350;340;420;83;5;ok
10322;2022-11-15 09:47:56;81;0;0;350;341;421;84;5;ok
10323;2022-11-15 09:47:57;81;0;0;350;340;421;85;5;ok
10324;2022-11-15 09:47:59;81;0;0;350;340;421;86;5;ok
10325;2022-11-15 09:48:01;81;0;0;350;340;421;87;5;ok
10326;2022-11-15 09:48:03;81;0;0;350;341;421;89;5;ok
10327;2022-11-15 09:48:05;81;0;0;350;341;421;89;5;ok
10328;2022-11-15 09:48:07;81;0;0;349;340;421;90;5;ok
10329;2022-11-15 09:48:09;81;0;0;349;340;421;91;5;ok
10330;2022-11-15 09:48:11;81;0;0;350;341;421;92;5;ok
10331;2022-11-15 09:48:13;81;0;0;350;341;422;93;5;ok
10332;2022-11-15 09:48:15;81;0;0;350;340;421;94;5;ok
10333;2022-11-15 09:48:17;81;0;0;350;341;421;94;5;ok
10334;2022-11-15 09:48:19;81;0;0;350;341;421;95;5;ok
10335;2022-11-15 09:48:21;81;0;0;350;340;421;96;5;ok
10336;2022-11-15 09:48:23;81;0;0;350;341;421;97;5;ok
10337;2022-11-15 09:48:25;81;0;0;350;340;421;98;5;ok
10338;2022-11-15 09:48:27;81;0;0;350;340;421;98;5;ok
10339;2022-11-15 09:48:57;81;0;0;349;340;421;99;5;ok
10340;2022-11-15 09:48:59;81;0;0;344;344;282;0;6;ok
10341;2022-11-15 09:49:00;81;0;0;346;343;282;1;6;ok
10342;2022-11-15 09:49:02;81;0;0;346;343;282;2;6;ok
10343;2022-11-15 09:49:04;81;0;0;346;343;282;3;6;ok
10344;2022-11-15 09:49:07;81;0;0;346;343;281;4;6;ok
10345;2022-11-15 09:49:09;81;0;0;346;343;282;4;6;ok
10346;2022-11-15 09:49:11;81;0;0;345;343;281;4;6;ok
10347;2022-11-15 09:49:13;81;0;0;346;343;282;4;6;ok
10348;2022-11-15 09:49:16;81;0;0;346;343;283;4;6;ok
10349;2022-11-15 09:49:18;81;0;0;346;343;282;4;6;ok
10350;2022-11-15 09:49:20;81;0;0;346;343;282;4;6;ok
10351;2022-11-15 09:49:22;81;0;0;346;343;282;4;6;ok
10352;2022-11-15 09:49:24;81;0;0;346;343;282;5;6;ok
10353;2022-11-15 09:49:26;81;0;0;346;343;282;5;6;ok
10354;2022-11-15 09:49:28;81;0;0;347;344;282;6;6;ok
10355;2022-11-15 09:49:30;81;0;0;346;343;282;7;6;ok
10356;2022-11-15 09:49:32;81;0;0;345;343;282;8;6;ok
10357;2022-11-15 09:49:34;81;0;0;346;343;281;8;6;ok
10358;2022-11-15 09:49:36;81;0;0;346;343;282;9;6;ok
10359;2022-11-15 09:49:38;81;0;0;346;343;282;10;6;ok
10360;2022-11-15 09:49:40;81;0;0;346;343;282;11;6;ok
10361;2022-11-15 09:49:42;81;0;0;346;343;282;12;6;ok
10362;2022-11-15 09:49:44;81;0;0;346;344;282;13;6;ok
10363;2022-11-15 09:49:46;81;0;0;346;343;282;13;6;ok
10364;2022-11-15 09:49:48;81;0;0;346;343;282;13;6;ok
10365;2022-11-15 09:49:51;81;0;0;346;343;282;13;6;ok
10366;2022-11-15 09:49:53;81;0;0;346;343;282;13;6;ok
10367;2022-11-15 09:49:55;81;0;0;346;343;282;13;6;ok
10368;2022-11-15 09:49:57;81;0;0;346;343;282;14;6;ok
10369;2022-11-15 09:49:59;81;0;0;346;343;282;14;6;ok
10370;2022-11-15 09:50:01;81;0;0;346;343;282;15;6;ok
10371;2022-11-15 09:50:03;81;0;0;346;343;282;16;6;ok
10372;2022-11-15 09:50:05;81;0;0;345;343;284;17;6;ok
10373;2022-11-15 09:50:07;81;0;0;346;343;282;18;6;ok
10374;2022-11-15 09:50:08;81;0;0;346;343;282;19;6;ok
10375;2022-11-15 09:50:10;81;0;0;346;343;282;20;6;ok
10376;2022-11-15 09:50:12;81;0;0;345;343;282;21;6;ok
10377;2022-11-15 09:50:14;81;0;0;346;343;282;22;6;ok
10378;2022-11-15 09:50:16;81;0;0;346;343;283;23;6;ok
10379;2022-11-15 09:50:18;81;0;0;346;343;282;24;6;ok
10380;2022-11-15 09:50:20;81;0;0;346;343;282;25;6;ok
10381;2022-11-15 09:50:22;81;0;0;346;343;282;26;6;ok
10382;2022-11-15 09:50:24;81;0;0;346;343;282;27;6;ok
10383;2022-11-15 09:50:25;81;0;0;346;343;282;28;6;ok
10384;2022-11-15 09:50:27;81;0;0;346;343;282;29;6;ok
10385;2022-11-15 09:50:29;81;0;0;345;343;282;30;6;ok
10386;2022-11-15 09:50:31;81;0;0;346;343;282;31;6;ok
10387;2022-11-15 09:50:33;81;0;0;346;343;282;32;6;ok
10388;2022-11-15 09:50:35;81;0;0;346;343;282;33;6;ok
10389;2022-11-15 09:50:38;81;0;0;346;343;282;33;6;ok
10390;2022-11-15 09:50:40;81;0;0;345;343;283;33;6;ok
10391;2022-11-15 09:50:42;81;0;0;346;343;282;33;6;ok
10392;2022-11-15 09:50:44;81;0;0;346;343;283;33;6;ok
10393;2022-11-15 09:50:47;81;0;0;346;343;282;33;6;ok
10394;2022-11-15 09:50:49;81;0;0;346;343;282;33;6;ok
10395;2022-11-15 09:50:51;81;0;0;346;343;283;33;6;ok
10396;2022-11-15 09:50:53;81;0;0;346;343;282;33;6;ok
10397;2022-11-15 09:50:55;81;0;0;346;343;282;34;6;ok
10398;2022-11-15 09:50:57;81;0;0;346;343;282;35;6;ok
10399;2022-11-15 09:50:59;81;0;0;346;343;282;36;6;ok
10400;2022-11-15 09:51:01;81;0;0;345;343;282;36;6;ok
10401;2022-11-15 09:51:03;81;0;0;346;343;282;36;6;ok
10402;2022-11-15 09:51:05;81;0;0;346;343;282;37;6;ok
10403;2022-11-15 09:51:07;81;0;0;346;343;282;38;6;ok
10404;2022-11-15 09:51:09;81;0;0;346;343;282;39;6;ok
10405;2022-11-15 09:51:11;81;0;0;346;343;282;40;6;ok
10406;2022-11-15 09:51:13;81;0;0;346;343;282;41;6;ok
10407;2022-11-15 09:51:15;81;0;0;346;343;282;42;6;ok
10408;2022-11-15 09:51:16;81;0;0;346;343;282;43;6;ok
10409;2022-11-15 09:51:18;81;0;0;346;343;282;44;6;ok
10410;2022-11-15 09:51:20;81;0;0;346;343;282;45;6;ok
10411;2022-11-15 09:51:22;81;0;0;345;343;282;46;6;ok
10412;2022-11-15 09:51:24;81;0;0;346;344;282;47;6;ok
10413;2022-11-15 09:51:26;81;0;0;346;343;282;48;6;ok
10414;2022-11-15 09:51:28;81;0;0;346;344;283;48;6;ok
10415;2022-11-15 09:51:30;81;0;0;346;343;282;49;6;ok
10416;2022-11-15 09:51:32;81;0;0;346;343;282;50;6;ok
10417;2022-11-15 09:51:34;81;0;0;346;343;282;51;6;ok
10418;2022-11-15 09:51:36;81;0;0;346;343;282;51;6;ok
10419;2022-11-15 09:51:39;81;0;0;346;343;282;51;6;ok
10420;2022-11-15 09:51:41;81;0;0;346;343;282;51;6;ok
10421;2022-11-15 09:51:43;81;0;0;346;343;283;51;6;ok
10422;2022-11-15 09:51:45;81;0;0;346;343;282;52;6;ok
10423;2022-11-15 09:51:47;81;0;0;346;344;282;53;6;ok
10424;2022-11-15 09:51:49;81;0;0;346;344;282;53;6;ok
10425;2022-11-15 09:51:51;81;0;0;346;343;281;54;6;ok
10426;2022-11-15 09:51:53;81;0;0;346;343;282;55;6;ok
10427;2022-11-15 09:51:55;81;0;0;345;343;282;56;6;ok
10428;2022-11-15 09:51:57;81;0;0;346;343;282;57;6;ok
10429;2022-11-15 09:51:59;81;0;0;346;343;282;58;6;ok
10430;2022-11-15 09:52:01;81;0;0;346;343;282;58;6;ok
10431;2022-11-15 09:52:03;81;0;0;346;344;279;58;6;ok
10432;2022-11-15 09:52:05;81;0;0;346;344;282;59;6;ok
10433;2022-11-15 09:52:07;81;0;0;346;343;282;60;6;ok
10434;2022-11-15 09:52:09;81;0;0;346;343;283;61;6;ok
10435;2022-11-15 09:52:13;81;0;0;346;343;282;62;6;ok
10436;2022-11-15 09:52:17;81;0;0;346;343;283;63;6;ok
10437;2022-11-15 09:52:21;81;0;0;345;343;282;64;6;ok
10438;2022-11-15 09:52:26;81;0;0;346;344;283;65;6;ok
10439;2022-11-15 09:52:28;81;0;0;346;343;282;66;6;ok
10440;2022-11-15 09:52:30;81;0;0;346;343;282;66;6;ok
10441;2022-11-15 09:52:32;81;0;0;346;343;282;67;6;ok
10442;2022-11-15 09:52:34;81;0;0;346;343;282;67;6;ok
10443;2022-11-15 09:52:38;81;0;0;345;343;282;68;6;ok
10444;2022-11-15 09:52:42;81;0;0;346;343;282;69;6;ok
10445;2022-11-15 09:52:44;81;0;0;346;343;283;70;6;ok
10446;2022-11-15 09:52:46;81;0;0;346;343;283;70;6;ok
10447;2022-11-15 09:52:51;81;0;0;346;343;282;71;6;ok
10448;2022-11-15 09:52:55;81;0;0;346;343;282;72;6;ok
10449;2022-11-15 09:52:59;81;0;0;346;344;283;73;6;ok
10450;2022-11-15 09:53:03;81;0;0;346;343;283;74;6;ok
10451;2022-11-15 09:53:07;81;0;0;346;343;282;75;6;ok
10452;2022-11-15 09:53:11;81;0;0;346;343;282;76;6;ok
10453;2022-11-15 09:53:15;81;0;0;346;343;282;77;6;ok
10454;2022-11-15 09:53:20;81;0;0;346;343;282;78;6;ok
10455;2022-11-15 09:53:24;81;0;0;346;344;282;78;6;ok
10456;2022-11-15 09:53:29;81;0;0;346;343;282;78;6;ok
10457;2022-11-15 09:53:31;81;0;0;346;344;282;78;6;ok
10458;2022-11-15 09:53:32;81;0;0;346;343;282;79;6;ok
10459;2022-11-15 09:53:34;81;0;0;346;343;282;80;6;ok
10460;2022-11-15 09:53:36;81;0;0;346;343;282;81;6;ok
10461;2022-11-15 09:53:38;81;0;0;345;343;282;82;6;ok
10462;2022-11-15 09:53:40;81;0;0;346;343;282;83;6;ok
10463;2022-11-15 09:53:42;81;0;0;345;343;282;84;6;ok
10464;2022-11-15 09:53:44;81;0;0;346;343;282;85;6;ok
10465;2022-11-15 09:53:46;81;0;0;345;343;282;86;6;ok
10466;2022-11-15 09:53:48;81;0;0;346;343;282;87;6;ok
10467;2022-11-15 09:53:50;81;0;0;346;343;282;87;6;ok
10468;2022-11-15 09:53:52;81;0;0;346;343;282;88;6;ok
10469;2022-11-15 09:53:54;81;0;0;345;344;284;89;6;ok
10470;2022-11-15 09:53:56;81;0;0;346;343;282;89;6;ok
10471;2022-11-15 09:53:58;81;0;0;346;343;283;89;6;ok
10472;2022-11-15 09:54:00;81;0;0;346;343;282;90;6;ok
10473;2022-11-15 09:54:02;81;0;0;346;343;282;91;6;ok
10474;2022-11-15 09:54:04;81;0;0;346;343;282;92;6;ok
10475;2022-11-15 09:54:06;81;0;0;345;343;282;93;6;ok
10476;2022-11-15 09:54:08;81;0;0;346;344;282;93;6;ok
10477;2022-11-15 09:54:11;81;0;0;346;343;282;93;6;ok
10478;2022-11-15 09:54:13;81;0;0;345;343;282;93;6;ok
10479;2022-11-15 09:54:15;81;0;0;346;343;282;93;6;ok
10480;2022-11-15 09:54:17;81;0;0;346;343;282;94;6;ok
10481;2022-11-15 09:54:19;81;0;0;346;344;283;95;6;ok
10482;2022-11-15 09:54:20;81;0;0;346;343;282;96;6;ok
10483;2022-11-15 09:54:23;81;0;0;345;343;282;97;6;ok
10484;2022-11-15 09:54:25;81;0;0;345;343;282;97;6;ok
10485;2022-11-15 09:54:26;81;0;0;346;343;282;98;6;ok
10486;2022-11-15 09:54:29;81;0;0;346;343;282;99;6;ok
